{
  "name": "ESCORT",
  "createdAtMillis": 1457819132155,
  "home": {
    "w": "survival",
    "lx": 123.46873915292775,
    "ly": 61.0,
    "lz": -15.644126418459283,
    "p": 71.099945,
    "y": -220.50092
  }
}